<application>
  <component name="UpdatesConfigurable">
    <option name="LAST_BUILD_CHECKED" value="CL-232.9559.58" />
    <option name="LAST_TIME_CHECKED" value="1694592850161" />
    <option name="OBSOLETE_CUSTOM_REPOSITORIES_CLEAN_NEEDED" value="false" />
    <pluginHosts>
      <item value="https://plugins.jetbrains.com/plugins/eap/ideavim" />
    </pluginHosts>
    <option name="THIRD_PARTY_PLUGINS_ALLOWED" value="true" />
    <option name="WHATS_NEW_SHOWN_FOR" value="232" />
  </component>
</application>